{
  "locations": {
    "CaseBottom": {
      "x": 0.0,
      "y": 0.0,
      "z": 0.0,
      "rotation": {
        "storage": {
          "q0": 1.0,
          "q1": 0.0,
          "q2": 0.0,
          "q3": 0.0
        }
      }
    },
    "CaseTop": {
      "x": 73.18341010787285,
      "y": 90.98000445653607,
      "z": 0.0,
      "rotation": {
        "storage": {
          "q0": 1.0,
          "q1": 0.0,
          "q2": 0.0,
          "q3": 0.0
        }
      }
    }
  },
  "bedX": 240.0,
  "bedY": 200.0
}