{
  "locations": {
    "leftWheel": {
      "x": 60.33142923733306,
      "y": 143.01813127647378,
      "z": 0.0,
      "rotation": {
        "storage": {
          "q0": 1.0,
          "q1": 0.0,
          "q2": 0.0,
          "q3": 0.0
        }
      }
    },
    "rightWheel": {
      "x": 23.66709071370267,
      "y": 94.873992358946,
      "z": 0.0,
      "rotation": {
        "storage": {
          "q0": 1.0,
          "q1": 0.0,
          "q2": 0.0,
          "q3": 0.0
        }
      }
    },
    "CaseBottom": {
      "x": 80.46024441964246,
      "y": 101.48655854727997,
      "z": 0.0,
      "rotation": {
        "storage": {
          "q0": 1.0,
          "q1": 0.0,
          "q2": 0.0,
          "q3": 0.0
        }
      }
    },
    "CaseTop": {
      "x": 75.09534412852791,
      "y": 90.80999755859375,
      "z": 0.0,
      "rotation": {
        "storage": {
          "q0": 1.0,
          "q1": 0.0,
          "q2": 0.0,
          "q3": 0.0
        }
      }
    },
    "servoCover": {
      "x": 81.94364704864252,
      "y": 0.4351421018309618,
      "z": 0.0,
      "rotation": {
        "storage": {
          "q0": 1.0,
          "q1": 0.0,
          "q2": 0.0,
          "q3": 0.0
        }
      }
    }
  },
  "bedX": 240.0,
  "bedY": 200.0
}